time,x,y,psi,speed,curvature
0,0,0,0,5,-0
0.01,0.05,0,0,5,-0
0.02,0.1,0,0,5,-0
0.03,0.15,0,0,5,-0
0.04,0.2,0,0,5,-0
0.05,0.25,0,0,5,-0
0.06,0.3,0,0,5,-0
0.07,0.35,0,0,5,-0
0.08,0.4,0,0,5,-0
0.09,0.45,0,0,5,-0
0.1,0.5,0,0,5,-0
0.11,0.55,0,0,5,-0
0.12,0.6,0,0,5,-0
0.13,0.65,0,0,5,-0
0.14,0.7,0,0,5,-0
0.15,0.75,0,0,5,-0
0.16,0.8,0,0,5,-0
0.17,0.85,0,0,5,-0
0.18,0.9,0,0,5,-0
0.19,0.95,0,0,5,-0
0.2,1,0,0,5,-0
0.21,1.05,0,0,5,-0
0.22,1.1,0,0,5,-0
0.23,1.15,0,0,5,-0
0.24,1.2,0,0,5,-0
0.25,1.25,0,0,5,-0
0.26,1.3,0,0,5,-0
0.27,1.35,0,0,5,-0
0.28,1.4,0,0,5,-0
0.29,1.45,0,0,5,-0
0.3,1.5,0,0,5,-0
0.31,1.55,0,0,5,-0
0.32,1.6,0,0,5,-0
0.33,1.65,0,0,5,-0
0.34,1.7,0,0,5,-0
0.35,1.75,0,0,5,-0
0.36,1.8,0,0,5,-0
0.37,1.85,0,0,5,-0
0.38,1.9,0,0,5,-0
0.39,1.95,0,0,5,-0
0.4,2,0,0,5,-0
0.41,2.05,0,0,5,-0
0.42,2.1,0,0,5,-0
0.43,2.15,0,0,5,-0
0.44,2.2,0,0,5,-0
0.45,2.25,0,0,5,-0
0.46,2.3,0,0,5,-0
0.47,2.35,0,0,5,-0
0.48,2.4,0,0,5,-0
0.49,2.45,0,0,5,-0
0.5,2.5,0,0,5,-0
0.51,2.55,0,0,5,-0
0.52,2.6,0,0,5,-0
0.53,2.65,0,0,5,-0
0.54,2.7,0,0,5,-0
0.55,2.75,0,0,5,-0
0.56,2.8,0,0,5,-0
0.57,2.85,0,0,5,-0
0.58,2.9,0,0,5,-0
0.59,2.95,0,0,5,-0
0.6,3,0,0,5,-0
0.61,3.05,0,0,5,-0
0.62,3.1,0,0,5,-0
0.63,3.15,0,0,5,-0
0.64,3.2,0,0,5,-0
0.65,3.25,0,0,5,-0
0.66,3.3,0,0,5,-0
0.67,3.35,0,0,5,-0
0.68,3.4,0,0,5,-0
0.69,3.45,0,0,5,-0
0.7,3.5,0,0,5,-0
0.71,3.55,0,0,5,-0
0.72,3.6,0,0,5,-0
0.73,3.65,0,0,5,-0
0.74,3.7,0,0,5,-0
0.75,3.75,0,0,5,-0
0.76,3.8,0,0,5,-0
0.77,3.85,0,0,5,-0
0.78,3.9,0,0,5,-0
0.79,3.95,0,0,5,-0
0.8,4,0,0,5,-0
0.81,4.05,0,0,5,-0
0.82,4.1,0,0,5,-0
0.83,4.15,0,0,5,-0
0.84,4.2,0,0,5,-0
0.85,4.25,0,0,5,-0
0.86,4.3,0,0,5,-0
0.87,4.35,0,0,5,-0
0.88,4.4,0,0,5,-0
0.89,4.45,0,0,5,-0
0.9,4.5,0,0,5,-0
0.91,4.55,0,0,5,-0
0.92,4.6,0,0,5,-0
0.93,4.65,0,0,5,-0
0.94,4.7,0,0,5,-0
0.95,4.75,0,0,5,-0
0.96,4.8,0,0,5,-0
0.97,4.85,0,0,5,-0
0.98,4.9,0,0,5,-0
0.99,4.95,0,0,5,-0
1,5,0,0,5,-0
1.01,5.05,0,0,5,-0
1.02,5.1,0,0,5,-0
1.03,5.15,0,0,5,-0
1.04,5.2,0,0,5,-0
1.05,5.25,0,0,5,-0
1.06,5.3,0,0,5,-0
1.07,5.35,0,0,5,-0
1.08,5.4,0,0,5,-0
1.09,5.45,0,0,5,-0
1.1,5.5,0,0,5,-0
1.11,5.55,0,0,5,-0
1.12,5.6,0,0,5,-0
1.13,5.65,0,0,5,-0
1.14,5.7,0,0,5,-0
1.15,5.75,0,0,5,-0
1.16,5.8,0,0,5,-0
1.17,5.85,0,0,5,-0
1.18,5.9,0,0,5,-0
1.19,5.95,0,0,5,-0
1.2,6,0,0,5,-0
1.21,6.05,0,0,5,-0
1.22,6.1,0,0,5,-0
1.23,6.15,0,0,5,-0
1.24,6.2,0,0,5,-0
1.25,6.25,0,0,5,-0
1.26,6.3,0,0,5,-0
1.27,6.35,0,0,5,-0
1.28,6.4,0,0,5,-0
1.29,6.45,0,0,5,-0
1.3,6.5,0,0,5,-0
1.31,6.55,0,0,5,-0
1.32,6.6,0,0,5,-0
1.33,6.65,0,0,5,-0
1.34,6.7,0,0,5,-0
1.35,6.75,0,0,5,-0
1.36,6.8,0,0,5,-0
1.37,6.85,0,0,5,-0
1.38,6.9,0,0,5,-0
1.39,6.95,0,0,5,-0
1.4,7,0,0,5,-0
1.41,7.05,0,0,5,-0
1.42,7.1,0,0,5,-0
1.43,7.15,0,0,5,-0
1.44,7.2,0,0,5,-0
1.45,7.25,0,0,5,-0
1.46,7.3,0,0,5,-0
1.47,7.35,0,0,5,-0
1.48,7.4,0,0,5,-0
1.49,7.45,0,0,5,-0
1.5,7.5,0,0,5,-0
1.51,7.55,0,0,5,-0
1.52,7.6,0,0,5,-0
1.53,7.65,0,0,5,-0
1.54,7.7,0,0,5,-0
1.55,7.75,0,0,5,-0
1.56,7.8,0,0,5,-0
1.57,7.85,0,0,5,-0
1.58,7.9,0,0,5,-0
1.59,7.95,0,0,5,-0
1.6,8,0,0,5,-0
1.61,8.05,0,0,5,-0
1.62,8.1,0,0,5,-0
1.63,8.15,0,0,5,-0
1.64,8.2,0,0,5,-0
1.65,8.25,0,0,5,-0
1.66,8.3,0,0,5,-0
1.67,8.35,0,0,5,-0
1.68,8.4,0,0,5,-0
1.69,8.45,0,0,5,-0
1.7,8.5,0,0,5,-0
1.71,8.55,0,0,5,-0
1.72,8.6,0,0,5,-0
1.73,8.65,0,0,5,-0
1.74,8.7,0,0,5,-0
1.75,8.75,0,0,5,-0
1.76,8.8,0,0,5,-0
1.77,8.85,0,0,5,-0
1.78,8.9,0,0,5,-0
1.79,8.95,0,0,5,-0
1.8,9,0,0,5,-0
1.81,9.05,0,0,5,-0
1.82,9.1,0,0,5,-0
1.83,9.15,0,0,5,-0
1.84,9.2,0,0,5,-0
1.85,9.25,0,0,5,-0
1.86,9.3,0,0,5,-0
1.87,9.35,0,0,5,-0
1.88,9.4,0,0,5,-0
1.89,9.45,0,0,5,-0
1.9,9.5,0,0,5,-0
1.91,9.55,0,0,5,-0
1.92,9.6,0,0,5,-0
1.93,9.65,0,0,5,-0
1.94,9.7,0,0,5,-0
1.95,9.75,0,0,5,-0
1.96,9.8,0,0,5,-0
1.97,9.85,0,0,5,-0
1.98,9.9,0,0,5,-0
1.99,9.95,0,0,5,-0
2,10,0,0,5,-0
2.01,10.05,0,0,5,-0
2.02,10.1,0,0,5,-0
2.03,10.15,0,0,5,-0
2.04,10.2,0,0,5,-0
2.05,10.25,0,0,5,-0
2.06,10.3,0,0,5,-0
2.07,10.35,0,0,5,-0
2.08,10.4,0,0,5,-0
2.09,10.45,0,0,5,-0
2.1,10.5,0,0,5,-0
2.11,10.55,0,0,5,-0
2.12,10.6,0,0,5,-0
2.13,10.65,0,0,5,-0
2.14,10.7,0,0,5,-0
2.15,10.75,0,0,5,-0
2.16,10.8,0,0,5,-0
2.17,10.85,0,0,5,-0
2.18,10.9,0,0,5,-0
2.19,10.95,0,0,5,-0
2.2,11,0,0,5,-0
2.21,11.05,0,0,5,-0
2.22,11.1,0,0,5,-0
2.23,11.15,0,0,5,-0
2.24,11.2,0,0,5,-0
2.25,11.25,0,0,5,-0
2.26,11.3,0,0,5,-0
2.27,11.35,0,0,5,-0
2.28,11.4,0,0,5,-0
2.29,11.45,0,0,5,-0
2.3,11.5,0,0,5,-0
2.31,11.55,0,0,5,-0
2.32,11.6,0,0,5,-0
2.33,11.65,0,0,5,-0
2.34,11.7,0,0,5,-0
2.35,11.75,0,0,5,-0
2.36,11.8,0,0,5,-0
2.37,11.85,0,0,5,-0
2.38,11.9,0,0,5,-0
2.39,11.95,0,0,5,-0
2.4,12,0,0,5,-0
2.41,12.05,0,0,5,-0
2.42,12.1,0,0,5,-0
2.43,12.15,0,0,5,-0
2.44,12.2,0,0,5,-0
2.45,12.25,0,0,5,-0
2.46,12.3,0,0,5,-0
2.47,12.35,0,0,5,-0
2.48,12.4,0,0,5,-0
2.49,12.45,0,0,5,-0
2.5,12.5,0,0,5,-0
2.51,12.55,0,0,5,-0
2.52,12.6,0,0,5,-0
2.53,12.65,0,0,5,-0
2.54,12.7,0,0,5,-0
2.55,12.75,0,0,5,-0
2.56,12.8,0,0,5,-0
2.57,12.85,0,0,5,-0
2.58,12.9,0,0,5,-0
2.59,12.95,0,0,5,-0
2.6,13,0,0,5,-0
2.61,13.05,0,0,5,-0
2.62,13.1,0,0,5,-0
2.63,13.15,0,0,5,-0
2.64,13.2,0,0,5,-0
2.65,13.25,0,0,5,-0
2.66,13.3,0,0,5,-0
2.67,13.35,0,0,5,-0
2.68,13.4,0,0,5,-0
2.69,13.45,0,0,5,-0
2.7,13.5,0,0,5,-0
2.71,13.55,0,0,5,-0
2.72,13.6,0,0,5,-0
2.73,13.65,0,0,5,-0
2.74,13.7,0,0,5,-0
2.75,13.75,0,0,5,-0
2.76,13.8,0,0,5,-0
2.77,13.85,0,0,5,-0
2.78,13.9,0,0,5,-0
2.79,13.95,0,0,5,-0
2.8,14,0,0,5,-0
2.81,14.05,0,0,5,-0
2.82,14.1,0,0,5,-0
2.83,14.15,0,0,5,-0
2.84,14.2,0,0,5,-0
2.85,14.25,0,0,5,-0
2.86,14.3,0,0,5,-0
2.87,14.35,0,0,5,-0
2.88,14.4,0,0,5,-0
2.89,14.45,0,0,5,-0
2.9,14.5,0,0,5,-0
2.91,14.55,0,0,5,-0
2.92,14.6,0,0,5,-0
2.93,14.65,0,0,5,-0
2.94,14.7,0,0,5,-0
2.95,14.75,0,0,5,-0
2.96,14.8,0,0,5,-0
2.97,14.85,0,0,5,-0
2.98,14.9,0,0,5,-0
2.99,14.95,0,0,5,-0
3,15,0,0,5,-0
3.01,15.05,0,0,5,-0
3.02,15.1,0,0,5,-0
3.03,15.15,0,0,5,-0
3.04,15.2,0,0,5,-0
3.05,15.25,0,0,5,-0
3.06,15.3,0,0,5,-0
3.07,15.35,0,0,5,-0
3.08,15.4,0,0,5,-0
3.09,15.45,0,0,5,-0
3.1,15.5,0,0,5,-0
3.11,15.55,0,0,5,-0
3.12,15.6,0,0,5,-0
3.13,15.65,0,0,5,-0
3.14,15.7,0,0,5,-0
3.15,15.75,0,0,5,-0
3.16,15.8,0,0,5,-0
3.17,15.85,0,0,5,-0
3.18,15.9,0,0,5,-0
3.19,15.95,0,0,5,-0
3.2,16,0,0,5,-0
3.21,16.05,0,0,5,-0
3.22,16.1,0,0,5,-0
3.23,16.15,0,0,5,-0
3.24,16.2,0,0,5,-0
3.25,16.25,0,0,5,-0
3.26,16.3,0,0,5,-0
3.27,16.35,0,0,5,-0
3.28,16.4,0,0,5,-0
3.29,16.45,0,0,5,-0
3.3,16.5,0,0,5,-0
3.31,16.55,0,0,5,-0
3.32,16.6,0,0,5,-0
3.33,16.65,0,0,5,-0
3.34,16.7,0,0,5,-0
3.35,16.75,0,0,5,-0
3.36,16.8,0,0,5,-0
3.37,16.85,0,0,5,-0
3.38,16.9,0,0,5,-0
3.39,16.95,0,0,5,-0
3.4,17,0,0,5,-0
3.41,17.05,0,0,5,-0
3.42,17.1,0,0,5,-0
3.43,17.15,0,0,5,-0
3.44,17.2,0,0,5,-0
3.45,17.25,0,0,5,-0
3.46,17.3,0,0,5,-0
3.47,17.35,0,0,5,-0
3.48,17.4,0,0,5,-0
3.49,17.45,0,0,5,-0
3.5,17.5,0,0,5,-0
3.51,17.55,0,0,5,-0
3.52,17.6,0,0,5,-0
3.53,17.65,0,0,5,-0
3.54,17.7,0,0,5,-0
3.55,17.75,0,0,5,-0
3.56,17.8,0,0,5,-0
3.57,17.85,0,0,5,-0
3.58,17.9,0,0,5,-0
3.59,17.95,0,0,5,-0
3.6,18,0,0,5,-0
3.61,18.05,0,0,5,-0
3.62,18.1,0,0,5,-0
3.63,18.15,0,0,5,-0
3.64,18.2,0,0,5,-0
3.65,18.25,0,0,5,-0
3.66,18.3,0,0,5,-0
3.67,18.35,0,0,5,-0
3.68,18.4,0,0,5,-0
3.69,18.45,0,0,5,-0
3.7,18.5,0,0,5,-0
3.71,18.55,0,0,5,-0
3.72,18.6,0,0,5,-0
3.73,18.65,0,0,5,-0
3.74,18.7,0,0,5,-0
3.75,18.75,0,0,5,-0
3.76,18.8,0,0,5,-0
3.77,18.85,0,0,5,-0
3.78,18.9,0,0,5,-0
3.79,18.95,0,0,5,-0
3.8,19,0,0,5,-0
3.81,19.05,0,0,5,-0
3.82,19.1,0,0,5,-0
3.83,19.15,0,0,5,-0
3.84,19.2,0,0,5,-0
3.85,19.25,0,0,5,-0
3.86,19.3,0,0,5,-0
3.87,19.35,0,0,5,-0
3.88,19.4,0,0,5,-0
3.89,19.45,0,0,5,-0
3.9,19.5,0,0,5,-0
3.91,19.55,0,0,5,-0
3.92,19.6,0,0,5,-0
3.93,19.65,0,0,5,-0
3.94,19.7,0,0,5,-0
3.95,19.75,0,0,5,-0
3.96,19.8,0,0,5,-0
3.97,19.85,0,0,5,-0
3.98,19.9,0,0,5,-0
3.99,19.95,0,0,5,-0
4,20,0,0,5,-0
4.01,20.05,0,0,5,-0
4.02,20.1,0,0,5,-0
4.03,20.15,0,0,5,-0
4.04,20.2,0,0,5,-0
4.05,20.25,0,0,5,-0
4.06,20.3,0,0,5,-0
4.07,20.35,0,0,5,-0
4.08,20.4,0,0,5,-0
4.09,20.45,0,0,5,-0
4.1,20.5,0,0,5,-0
4.11,20.55,0,0,5,-0
4.12,20.6,0,0,5,-0
4.13,20.65,0,0,5,-0
4.14,20.7,0,0,5,-0
4.15,20.75,0,0,5,-0
4.16,20.8,0,0,5,-0
4.17,20.85,0,0,5,-0
4.18,20.9,0,0,5,-0
4.19,20.95,0,0,5,-0
4.2,21,0,0,5,-0
4.21,21.05,0,0,5,-0
4.22,21.1,0,0,5,-0
4.23,21.15,0,0,5,-0
4.24,21.2,0,0,5,-0
4.25,21.25,0,0,5,-0
4.26,21.3,0,0,5,-0
4.27,21.35,0,0,5,-0
4.28,21.4,0,0,5,-0
4.29,21.45,0,0,5,-0
4.3,21.5,0,0,5,-0
4.31,21.55,0,0,5,-0
4.32,21.6,0,0,5,-0
4.33,21.65,0,0,5,-0
4.34,21.7,0,0,5,-0
4.35,21.75,0,0,5,-0
4.36,21.8,0,0,5,-0
4.37,21.85,0,0,5,-0
4.38,21.9,0,0,5,-0
4.39,21.95,0,0,5,-0
4.4,22,0,0,5,-0
4.41,22.05,0,0,5,-0
4.42,22.1,0,0,5,-0
4.43,22.15,0,0,5,-0
4.44,22.2,0,0,5,-0
4.45,22.25,0,0,5,-0
4.46,22.3,0,0,5,-0
4.47,22.35,0,0,5,-0
4.48,22.4,0,0,5,-0
4.49,22.45,0,0,5,-0
4.5,22.5,0,0,5,-0
4.51,22.55,0,0,5,-0
4.52,22.6,0,0,5,-0
4.53,22.65,0,0,5,-0
4.54,22.7,0,0,5,-0
4.55,22.75,0,0,5,-0
4.56,22.8,0,0,5,-0
4.57,22.85,0,0,5,-0
4.58,22.9,0,0,5,-0
4.59,22.95,0,0,5,-0
4.6,23,0,0,5,-0
4.61,23.05,0,0,5,-0
4.62,23.1,0,0,5,-0
4.63,23.15,0,0,5,-0
4.64,23.2,0,0,5,-0
4.65,23.25,0,0,5,-0
4.66,23.3,0,0,5,-0
4.67,23.35,0,0,5,-0
4.68,23.4,0,0,5,-0
4.69,23.45,0,0,5,-0
4.7,23.5,0,0,5,-0
4.71,23.55,0,0,5,-0
4.72,23.6,0,0,5,-0
4.73,23.65,0,0,5,-0
4.74,23.7,0,0,5,-0
4.75,23.75,0,0,5,-0
4.76,23.8,0,0,5,-0
4.77,23.85,0,0,5,-0
4.78,23.9,0,0,5,-0
4.79,23.95,0,0,5,-0
4.8,24,0,0,5,-0
4.81,24.05,0,0,5,-0
4.82,24.1,0,0,5,-0
4.83,24.15,0,0,5,-0
4.84,24.2,0,0,5,-0
4.85,24.25,0,0,5,-0
4.86,24.3,0,0,5,-0
4.87,24.35,0,0,5,-0
4.88,24.4,0,0,5,-0
4.89,24.45,0,0,5,-0
4.9,24.5,0,0,5,-0
4.91,24.55,0,0,5,-0
4.92,24.6,0,0,5,-0
4.93,24.65,0,0,5,-0
4.94,24.7,0,0,5,-0
4.95,24.75,0,0,5,-0
4.96,24.8,0,0,5,-0
4.97,24.85,0,0,5,-0
4.98,24.9,0,0,5,-0
4.99,24.95,0,0,5,-0
5,25,0,0,5,-0
5.01,25.05,0,0,5,-0
5.02,25.1,0,0,5,-0
5.03,25.15,0,0,5,-0
5.04,25.2,0,0,5,-0
5.05,25.25,0,0,5,-0
5.06,25.3,0,0,5,-0
5.07,25.35,0,0,5,-0
5.08,25.4,0,0,5,-0
5.09,25.45,0,0,5,-0
5.1,25.5,0,0,5,-0
5.11,25.55,0,0,5,-0
5.12,25.6,0,0,5,-0
5.13,25.65,0,0,5,-0
5.14,25.7,0,0,5,-0
5.15,25.75,0,0,5,-0
5.16,25.8,0,0,5,-0
5.17,25.85,0,0,5,-0
5.18,25.9,0,0,5,-0
5.19,25.95,0,0,5,-0
5.2,26,0,0,5,-0
5.21,26.05,0,0,5,-0
5.22,26.1,0,0,5,-0
5.23,26.15,0,0,5,-0
5.24,26.2,0,0,5,-0
5.25,26.25,0,0,5,-0
5.26,26.3,0,0,5,-0
5.27,26.35,0,0,5,-0
5.28,26.4,0,0,5,-0
5.29,26.45,0,0,5,-0
5.3,26.5,0,0,5,-0
5.31,26.55,0,0,5,-0
5.32,26.6,0,0,5,-0
5.33,26.65,0,0,5,-0
5.34,26.7,0,0,5,-0
5.35,26.75,0,0,5,-0
5.36,26.8,0,0,5,-0
5.37,26.85,0,0,5,-0
5.38,26.9,0,0,5,-0
5.39,26.95,0,0,5,-0
5.4,27,0,0,5,-0
5.41,27.05,0,0,5,-0
5.42,27.1,0,0,5,-0
5.43,27.15,0,0,5,-0
5.44,27.2,0,0,5,-0
5.45,27.25,0,0,5,-0
5.46,27.3,0,0,5,-0
5.47,27.35,0,0,5,-0
5.48,27.4,0,0,5,-0
5.49,27.45,0,0,5,-0
5.5,27.5,0,0,5,-0
5.51,27.55,0,0,5,-0
5.52,27.6,0,0,5,-0
5.53,27.65,0,0,5,-0
5.54,27.7,0,0,5,-0
5.55,27.75,0,0,5,-0
5.56,27.8,0,0,5,-0
5.57,27.85,0,0,5,-0
5.58,27.9,0,0,5,-0
5.59,27.95,0,0,5,-0
5.6,28,0,0,5,-0
5.61,28.05,0,0,5,-0
5.62,28.1,0,0,5,-0
5.63,28.15,0,0,5,-0
5.64,28.2,0,0,5,-0
5.65,28.25,0,0,5,-0
5.66,28.3,0,0,5,-0
5.67,28.35,0,0,5,-0
5.68,28.4,0,0,5,-0
5.69,28.45,0,0,5,-0
5.7,28.5,0,0,5,-0
5.71,28.55,0,0,5,-0
5.72,28.6,0,0,5,-0
5.73,28.65,0,0,5,-0
5.74,28.7,0,0,5,-0
5.75,28.75,0,0,5,-0
5.76,28.8,0,0,5,-0
5.77,28.85,0,0,5,-0
5.78,28.9,0,0,5,-0
5.79,28.95,0,0,5,-0
5.8,29,0,0,5,-0
5.81,29.05,0,0,5,-0
5.82,29.1,0,0,5,-0
5.83,29.15,0,0,5,-0
5.84,29.2,0,0,5,-0
5.85,29.25,0,0,5,-0
5.86,29.3,0,0,5,-0
5.87,29.35,0,0,5,-0
5.88,29.4,0,0,5,-0
5.89,29.45,0,0,5,-0
5.9,29.5,0,0,5,-0
5.91,29.55,0,0,5,-0
5.92,29.6,0,0,5,-0
5.93,29.65,0,0,5,-0
5.94,29.7,0,0,5,-0
5.95,29.75,0,0,5,-0
5.96,29.8,0,0,5,-0
5.97,29.85,0,0,5,-0
5.98,29.9,0,0,5,-0
5.99,29.95,0,0,5,-0
6,30,0,0,5,-0
6.01,30.05,0,0,5,-0
6.02,30.1,0,0,5,-0
6.03,30.15,0,0,5,-0
6.04,30.2,0,0,5,-0
6.05,30.25,0,0,5,-0
6.06,30.3,0,0,5,-0
6.07,30.35,0,0,5,-0
6.08,30.4,0,0,5,-0
6.09,30.45,0,0,5,-0
6.1,30.5,0,0,5,-0
6.11,30.55,0,0,5,-0
6.12,30.6,0,0,5,-0
6.13,30.65,0,0,5,-0
6.14,30.7,0,0,5,-0
6.15,30.75,0,0,5,-0
6.16,30.8,0,0,5,-0
6.17,30.85,0,0,5,-0
6.18,30.9,0,0,5,-0
6.19,30.95,0,0,5,-0
6.2,31,0,0,5,-0
6.21,31.05,0,0,5,-0
6.22,31.1,0,0,5,-0
6.23,31.15,0,0,5,-0
6.24,31.2,0,0,5,-0
6.25,31.25,0,0,5,-0
6.26,31.3,0,0,5,-0
6.27,31.35,0,0,5,-0
6.28,31.4,0,0,5,-0
6.29,31.45,0,0,5,-0
6.3,31.5,0,0,5,-0
6.31,31.55,0,0,5,-0
6.32,31.6,0,0,5,-0
6.33,31.65,0,0,5,-0
6.34,31.7,0,0,5,-0
6.35,31.75,0,0,5,-0
6.36,31.8,0,0,5,-0
6.37,31.85,0,0,5,-0
6.38,31.9,0,0,5,-0
6.39,31.95,0,0,5,-0
6.4,32,0,0,5,-0
6.41,32.05,0,0,5,-0
6.42,32.1,0,0,5,-0
6.43,32.15,0,0,5,-0
6.44,32.2,0,0,5,-0
6.45,32.25,0,0,5,-0
6.46,32.3,0,0,5,-0
6.47,32.35,0,0,5,-0
6.48,32.4,0,0,5,-0
6.49,32.45,0,0,5,-0
6.5,32.5,0,0,5,-0
6.51,32.55,0,0,5,-0
6.52,32.6,0,0,5,-0
6.53,32.65,0,0,5,-0
6.54,32.7,0,0,5,-0
6.55,32.75,0,0,5,-0
6.56,32.8,0,0,5,-0
6.57,32.85,0,0,5,-0
6.58,32.9,0,0,5,-0
6.59,32.95,0,0,5,-0
6.6,33,0,0,5,-0
6.61,33.05,0,0,5,-0
6.62,33.1,0,0,5,-0
6.63,33.15,0,0,5,-0
6.64,33.2,0,0,5,-0
6.65,33.25,0,0,5,-0
6.66,33.3,0,0,5,-0
6.67,33.35,0,0,5,-0
6.68,33.4,0,0,5,-0
6.69,33.45,0,0,5,-0
6.7,33.5,0,0,5,-0
6.71,33.55,0,0,5,-0
6.72,33.6,0,0,5,-0
6.73,33.65,0,0,5,-0
6.74,33.7,0,0,5,-0
6.75,33.75,0,0,5,-0
6.76,33.8,0,0,5,-0
6.77,33.85,0,0,5,-0
6.78,33.9,0,0,5,-0
6.79,33.95,0,0,5,-0
6.8,34,0,0,5,-0
6.81,34.05,0,0,5,-0
6.82,34.1,0,0,5,-0
6.83,34.15,0,0,5,-0
6.84,34.2,0,0,5,-0
6.85,34.25,0,0,5,-0
6.86,34.3,0,0,5,-0
6.87,34.35,0,0,5,-0
6.88,34.4,0,0,5,-0
6.89,34.45,0,0,5,-0
6.9,34.5,0,0,5,-0
6.91,34.55,0,0,5,-0
6.92,34.6,0,0,5,-0
6.93,34.65,0,0,5,-0
6.94,34.7,0,0,5,-0
6.95,34.75,0,0,5,-0
6.96,34.8,0,0,5,-0
6.97,34.85,0,0,5,-0
6.98,34.9,0,0,5,-0
6.99,34.95,0,0,5,-0
7,35,0,0,5,-0
7.01,35.05,0,0,5,-0
7.02,35.1,0,0,5,-0
7.03,35.15,0,0,5,-0
7.04,35.2,0,0,5,-0
7.05,35.25,0,0,5,-0
7.06,35.3,0,0,5,-0
7.07,35.35,0,0,5,-0
7.08,35.4,0,0,5,-0
7.09,35.45,0,0,5,-0
7.1,35.5,0,0,5,-0
7.11,35.55,0,0,5,-0
7.12,35.6,0,0,5,-0
7.13,35.65,0,0,5,-0
7.14,35.7,0,0,5,-0
7.15,35.75,0,0,5,-0
7.16,35.8,0,0,5,-0
7.17,35.85,0,0,5,-0
7.18,35.9,0,0,5,-0
7.19,35.95,0,0,5,-0
7.2,36,0,0,5,-0
7.21,36.05,0,0,5,-0
7.22,36.1,0,0,5,-0
7.23,36.15,0,0,5,-0
7.24,36.2,0,0,5,-0
7.25,36.25,0,0,5,-0
7.26,36.3,0,0,5,-0
7.27,36.35,0,0,5,-0
7.28,36.4,0,0,5,-0
7.29,36.45,0,0,5,-0
7.3,36.5,0,0,5,-0
7.31,36.55,0,0,5,-0
7.32,36.6,0,0,5,-0
7.33,36.65,0,0,5,-0
7.34,36.7,0,0,5,-0
7.35,36.75,0,0,5,-0
7.36,36.8,0,0,5,-0
7.37,36.85,0,0,5,-0
7.38,36.9,0,0,5,-0
7.39,36.95,0,0,5,-0
7.4,37,0,0,5,-0
7.41,37.05,0,0,5,-0
7.42,37.1,0,0,5,-0
7.43,37.15,0,0,5,-0
7.44,37.2,0,0,5,-0
7.45,37.25,0,0,5,-0
7.46,37.3,0,0,5,-0
7.47,37.35,0,0,5,-0
7.48,37.4,0,0,5,-0
7.49,37.45,0,0,5,-0
7.5,37.5,0,0,5,-0
7.51,37.55,0,0,5,-0
7.52,37.6,0,0,5,-0
7.53,37.65,0,0,5,-0
7.54,37.7,0,0,5,-0
7.55,37.75,0,0,5,-0
7.56,37.8,0,0,5,-0
7.57,37.85,0,0,5,-0
7.58,37.9,0,0,5,-0
7.59,37.95,0,0,5,-0
7.6,38,0,0,5,-0
7.61,38.05,0,0,5,-0
7.62,38.1,0,0,5,-0
7.63,38.15,0,0,5,-0
7.64,38.2,0,0,5,-0
7.65,38.25,0,0,5,-0
7.66,38.3,0,0,5,-0
7.67,38.35,0,0,5,-0
7.68,38.4,0,0,5,-0
7.69,38.45,0,0,5,-0
7.7,38.5,0,0,5,-0
7.71,38.55,0,0,5,-0
7.72,38.6,0,0,5,-0
7.73,38.65,0,0,5,-0
7.74,38.7,0,0,5,-0
7.75,38.75,0,0,5,-0
7.76,38.8,0,0,5,-0
7.77,38.85,0,0,5,-0
7.78,38.9,0,0,5,-0
7.79,38.95,0,0,5,-0
7.8,39,0,0,5,-0
7.81,39.05,0,0,5,-0
7.82,39.1,0,0,5,-0
7.83,39.15,0,0,5,-0
7.84,39.2,0,0,5,-0
7.85,39.25,0,0,5,-0
7.86,39.3,0,0,5,-0
7.87,39.35,0,0,5,-0
7.88,39.4,0,0,5,-0
7.89,39.45,0,0,5,-0
7.9,39.5,0,0,5,-0
7.91,39.55,0,0,5,-0
7.92,39.6,0,0,5,-0
7.93,39.65,0,0,5,-0
7.94,39.7,0,0,5,-0
7.95,39.75,0,0,5,-0
7.96,39.8,0,0,5,-0
7.97,39.85,0,0,5,-0
7.98,39.9,0,0,5,-0
7.99,39.95,0,0,5,-0
8,40,0,0,5,-0
8.01,40.05,0,0,5,-0
8.02,40.1,0,0,5,-0
8.03,40.15,0,0,5,-0
8.04,40.2,0,0,5,-0
8.05,40.25,0,0,5,-0
8.06,40.3,0,0,5,-0
8.07,40.35,0,0,5,-0
8.08,40.4,0,0,5,-0
8.09,40.45,0,0,5,-0
8.1,40.5,0,0,5,-0
8.11,40.55,0,0,5,-0
8.12,40.6,0,0,5,-0
8.13,40.65,0,0,5,-0
8.14,40.7,0,0,5,-0
8.15,40.75,0,0,5,-0
8.16,40.8,0,0,5,-0
8.17,40.85,0,0,5,-0
8.18,40.9,0,0,5,-0
8.19,40.95,0,0,5,-0
8.2,41,0,0,5,-0
8.21,41.05,0,0,5,-0
8.22,41.1,0,0,5,-0
8.23,41.15,0,0,5,-0
8.24,41.2,0,0,5,-0
8.25,41.25,0,0,5,-0
8.26,41.3,0,0,5,-0
8.27,41.35,0,0,5,-0
8.28,41.4,0,0,5,-0
8.29,41.45,0,0,5,-0
8.3,41.5,0,0,5,-0
8.31,41.55,0,0,5,-0
8.32,41.6,0,0,5,-0
8.33,41.65,0,0,5,-0
8.34,41.7,0,0,5,-0
8.35,41.75,0,0,5,-0
8.36,41.8,0,0,5,-0
8.37,41.85,0,0,5,-0
8.38,41.9,0,0,5,-0
8.39,41.95,0,0,5,-0
8.4,42,0,0,5,-0
8.41,42.05,0,0,5,-0
8.42,42.1,0,0,5,-0
8.43,42.15,0,0,5,-0
8.44,42.2,0,0,5,-0
8.45,42.25,0,0,5,-0
8.46,42.3,0,0,5,-0
8.47,42.35,0,0,5,-0
8.48,42.4,0,0,5,-0
8.49,42.45,0,0,5,-0
8.5,42.5,0,0,5,-0
8.51,42.55,0,0,5,-0
8.52,42.6,0,0,5,-0
8.53,42.65,0,0,5,-0
8.54,42.7,0,0,5,-0
8.55,42.75,0,0,5,-0
8.56,42.8,0,0,5,-0
8.57,42.85,0,0,5,-0
8.58,42.9,0,0,5,-0
8.59,42.95,0,0,5,-0
8.6,43,0,0,5,-0
8.61,43.05,0,0,5,-0
8.62,43.1,0,0,5,-0
8.63,43.15,0,0,5,-0
8.64,43.2,0,0,5,-0
8.65,43.25,0,0,5,-0
8.66,43.3,0,0,5,-0
8.67,43.35,0,0,5,-0
8.68,43.4,0,0,5,-0
8.69,43.45,0,0,5,-0
8.7,43.5,0,0,5,-0
8.71,43.55,0,0,5,-0
8.72,43.6,0,0,5,-0
8.73,43.65,0,0,5,-0
8.74,43.7,0,0,5,-0
8.75,43.75,0,0,5,-0
8.76,43.8,0,0,5,-0
8.77,43.85,0,0,5,-0
8.78,43.9,0,0,5,-0
8.79,43.95,0,0,5,-0
8.8,44,0,0,5,-0
8.81,44.05,0,0,5,-0
8.82,44.1,0,0,5,-0
8.83,44.15,0,0,5,-0
8.84,44.2,0,0,5,-0
8.85,44.25,0,0,5,-0
8.86,44.3,0,0,5,-0
8.87,44.35,0,0,5,-0
8.88,44.4,0,0,5,-0
8.89,44.45,0,0,5,-0
8.9,44.5,0,0,5,-0
8.91,44.55,0,0,5,-0
8.92,44.6,0,0,5,-0
8.93,44.65,0,0,5,-0
8.94,44.7,0,0,5,-0
8.95,44.75,0,0,5,-0
8.96,44.8,0,0,5,-0
8.97,44.85,0,0,5,-0
8.98,44.9,0,0,5,-0
8.99,44.95,0,0,5,-0
9,45,0,0,5,-0
9.01,45.05,0,0,5,-0
9.02,45.1,0,0,5,-0
9.03,45.15,0,0,5,-0
9.04,45.2,0,0,5,-0
9.05,45.25,0,0,5,-0
9.06,45.3,0,0,5,-0
9.07,45.35,0,0,5,-0
9.08,45.4,0,0,5,-0
9.09,45.45,0,0,5,-0
9.1,45.5,0,0,5,-0
9.11,45.55,0,0,5,-0
9.12,45.6,0,0,5,-0
9.13,45.65,0,0,5,-0
9.14,45.7,0,0,5,-0
9.15,45.75,0,0,5,-0
9.16,45.8,0,0,5,-0
9.17,45.85,0,0,5,-0
9.18,45.9,0,0,5,-0
9.19,45.95,0,0,5,-0
9.2,46,0,0,5,-0
9.21,46.05,0,0,5,-0
9.22,46.1,0,0,5,-0
9.23,46.15,0,0,5,-0
9.24,46.2,0,0,5,-0
9.25,46.25,0,0,5,-0
9.26,46.3,0,0,5,-0
9.27,46.35,0,0,5,-0
9.28,46.4,0,0,5,-0
9.29,46.45,0,0,5,-0
9.3,46.5,0,0,5,-0
9.31,46.55,0,0,5,-0
9.32,46.6,0,0,5,-0
9.33,46.65,0,0,5,-0
9.34,46.7,0,0,5,-0
9.35,46.75,0,0,5,-0
9.36,46.8,0,0,5,-0
9.37,46.85,0,0,5,-0
9.38,46.9,0,0,5,-0
9.39,46.95,0,0,5,-0
9.4,47,0,0,5,-0
9.41,47.05,0,0,5,-0
9.42,47.1,0,0,5,-0
9.43,47.15,0,0,5,-0
9.44,47.2,0,0,5,-0
9.45,47.25,0,0,5,-0
9.46,47.3,0,0,5,-0
9.47,47.35,0,0,5,-0
9.48,47.4,0,0,5,-0
9.49,47.45,0,0,5,-0
9.5,47.5,0,0,5,-0
9.51,47.55,0,0,5,-0
9.52,47.6,0,0,5,-0
9.53,47.65,0,0,5,-0
9.54,47.7,0,0,5,-0
9.55,47.75,0,0,5,-0
9.56,47.8,0,0,5,-0
9.57,47.85,0,0,5,-0
9.58,47.9,0,0,5,-0
9.59,47.95,0,0,5,-0
9.6,48,0,0,5,-0
9.61,48.05,0,0,5,-0
9.62,48.1,0,0,5,-0
9.63,48.15,0,0,5,-0
9.64,48.2,0,0,5,-0
9.65,48.25,0,0,5,-0
9.66,48.3,0,0,5,-0
9.67,48.35,0,0,5,-0
9.68,48.4,0,0,5,-0
9.69,48.45,0,0,5,-0
9.7,48.5,0,0,5,-0
9.71,48.55,0,0,5,-0
9.72,48.6,0,0,5,-0
9.73,48.65,0,0,5,-0
9.74,48.7,0,0,5,-0
9.75,48.75,0,0,5,-0
9.76,48.8,0,0,5,-0
9.77,48.85,0,0,5,-0
9.78,48.9,0,0,5,-0
9.79,48.95,0,0,5,-0
9.8,49,0,0,5,-0
9.81,49.05,0,0,5,-0
9.82,49.1,0,0,5,-0
9.83,49.15,0,0,5,-0
9.84,49.2,0,0,5,-0
9.85,49.25,0,0,5,-0
9.86,49.3,0,0,5,-0
9.87,49.35,0,0,5,-0
9.88,49.4,0,0,5,-0
9.89,49.45,0,0,5,-0
9.9,49.5,0,0,5,-0
9.91,49.55,0,0,5,-0
9.92,49.6,0,0,5,-0
9.93,49.65,0,0,5,-0
9.94,49.7,0,0,5,-0
9.95,49.75,0,0,5,-0
9.96,49.8,0,0,5,-0
9.97,49.85,0,0,5,-0
9.98,49.9,0,0,5,-0
9.99,49.95,0,0,5,-0
10,50,0,0,5,-0
10.01,50.05,0,-0,5,-0
10.02,50.1,0,-0,5,-0
10.03,50.15,0,-0,5,-0
10.04,50.2,0,-0,5,-0
10.05,50.25,0,-0,5,-0
10.06,50.3,0,-0,5,-0
10.07,50.35,0,-0,5,-0
10.08,50.4,0,-0,5,-0
10.09,50.45,0,-0,5,-0
10.1,50.5,0,-0,5,-0
10.11,50.55,0,-0,5,-0
10.12,50.6,0,-0,5,-0
10.13,50.65,0,-0,5,-0
10.14,50.7,0,-0,5,-0
10.15,50.75,0,-0,5,-0
10.16,50.8,0,-0,5,-0
10.17,50.85,0,-0,5,-0
10.18,50.9,0,-0,5,-0
10.19,50.95,0,-0,5,-0
10.2,51,0,-0,5,-0
10.21,51.05,0,-0,5,-0
10.22,51.1,0,-0,5,-0
10.23,51.15,0,-0,5,-0
10.24,51.2,0,-0,5,-0
10.25,51.25,0,-0,5,-0
10.26,51.3,0,-0,5,-0
10.27,51.35,0,-0,5,-0
10.28,51.4,0,-0,5,-0
10.29,51.45,0,-0,5,-0
10.3,51.5,0,-0,5,-0
10.31,51.55,0,-0,5,-0
10.32,51.6,0,-0,5,-0
10.33,51.65,0,-0,5,-0
10.34,51.7,0,-0,5,-0
10.35,51.75,0,-0,5,-0
10.36,51.8,0,-0,5,-0
10.37,51.85,0,-0,5,-0
10.38,51.9,0,-0,5,-0
10.39,51.95,0,-0,5,-0
10.4,52,0,-0,5,-0
10.41,52.05,0,-0,5,-0
10.42,52.1,0,-0,5,-0
10.43,52.15,0,-0,5,-0
10.44,52.2,0,-0,5,-0
10.45,52.25,0,-0,5,-0
10.46,52.3,0,-0,5,-0
10.47,52.35,0,-0,5,-0
10.48,52.4,0,-0,5,-0
10.49,52.45,0,-0,5,-0
10.5,52.5,0,-0,5,-0
10.51,52.55,0,-0,5,-0
10.52,52.6,0,-0,5,-0
10.53,52.65,0,-0,5,-0
10.54,52.7,0,-0,5,-0
10.55,52.75,0,-0,5,-0
10.56,52.8,0,-0,5,-0
10.57,52.85,0,-0,5,-0
10.58,52.9,0,-0,5,-0
10.59,52.95,0,-0,5,-0
10.6,53,0,-0,5,-0
10.61,53.05,0,-0,5,-0
10.62,53.1,0,-0,5,-0
10.63,53.15,0,-0,5,-0
10.64,53.2,0,-0,5,-0
10.65,53.25,0,-0,5,-0
10.66,53.3,0,-0,5,-0
10.67,53.35,0,-0,5,-0
10.68,53.4,0,-0,5,-0
10.69,53.45,0,-0,5,-0
10.7,53.5,0,-0,5,-0
10.71,53.55,0,-0,5,-0
10.72,53.6,0,-0,5,-0
10.73,53.65,0,-0,5,-0
10.74,53.7,0,-0,5,-0
10.75,53.75,0,-0,5,-0
10.76,53.8,0,-0,5,-0
10.77,53.85,0,-0,5,-0
10.78,53.9,0,-0,5,-0
10.79,53.95,0,-0,5,-0
10.8,54,0,-0,5,-0
10.81,54.05,0,-0,5,-0
10.82,54.1,0,-0,5,-0
10.83,54.15,0,-0,5,-0
10.84,54.2,0,-0,5,-0
10.85,54.25,0,-0,5,-0
10.86,54.3,0,-0,5,-0
10.87,54.35,0,-0,5,-0
10.88,54.4,0,-0,5,-0
10.89,54.45,0,-0,5,-0
10.9,54.5,0,-0,5,-0
10.91,54.55,0,-0,5,-0
10.92,54.6,0,-0,5,-0
10.93,54.65,0,-0,5,-0
10.94,54.7,0,-0,5,-0
10.95,54.75,0,-0,5,-0
10.96,54.8,0,-0,5,-0
10.97,54.85,0,-0,5,-0
10.98,54.9,0,-0,5,-0
10.99,54.95,0,-0,5,-0
11,55,0,-0,5,-0
11.01,55.05,0,-0,5,-0
11.02,55.1,0,-0,5,-0
11.03,55.15,0,-0,5,-0
11.04,55.2,0,-0,5,-0
11.05,55.25,0,-0,5,-0
11.06,55.3,0,-0,5,-0
11.07,55.35,0,-0,5,-0
11.08,55.4,0,-0,5,-0
11.09,55.45,0,-0,5,-0
11.1,55.5,0,-0,5,-0
11.11,55.55,0,-0,5,-0
11.12,55.6,0,-0,5,-0
11.13,55.65,0,-0,5,-0
11.14,55.7,0,-0,5,-0
11.15,55.75,0,-0,5,-0
11.16,55.8,0,-0,5,-0
11.17,55.85,0,-0,5,-0
11.18,55.9,0,-0,5,-0
11.19,55.95,0,-0,5,-0
11.2,56,0,-0,5,-0
11.21,56.05,0,-0,5,-0
11.22,56.1,0,-0,5,-0
11.23,56.15,0,-0,5,-0
11.24,56.2,0,-0,5,-0
11.25,56.25,0,-0,5,-0
11.26,56.3,0,-0,5,-0
11.27,56.35,0,-0,5,-0
11.28,56.4,0,-0,5,-0
11.29,56.45,0,-0,5,-0
11.3,56.5,0,-0,5,-0
11.31,56.55,0,-0,5,-0
11.32,56.6,0,-0,5,-0
11.33,56.65,0,-0,5,-0
11.34,56.7,0,-0,5,-0
11.35,56.75,0,-0,5,-0
11.36,56.8,0,-0,5,-0
11.37,56.85,0,-0,5,-0
11.38,56.9,0,-0,5,-0
11.39,56.95,0,-0,5,-0
11.4,57,0,-0,5,-0
11.41,57.05,0,-0,5,-0
11.42,57.1,0,-0,5,-0
11.43,57.15,0,-0,5,-0
11.44,57.2,0,-0,5,-0
11.45,57.25,0,-0,5,-0
11.46,57.3,0,-0,5,-0
11.47,57.35,0,-0,5,-0
11.48,57.4,0,-0,5,-0
11.49,57.45,0,-0,5,-0
11.5,57.5,0,-0,5,-0
11.51,57.55,0,-0,5,-0
11.52,57.6,0,-0,5,-0
11.53,57.65,0,-0,5,-0
11.54,57.7,0,-0,5,-0
11.55,57.75,0,-0,5,-0
11.56,57.8,0,-0,5,-0
11.57,57.85,0,-0,5,-0
11.58,57.9,0,-0,5,-0
11.59,57.95,0,-0,5,-0
11.6,58,0,-0,5,-0
11.61,58.05,0,-0,5,-0
11.62,58.1,0,-0,5,-0
11.63,58.15,0,-0,5,-0
11.64,58.2,0,-0,5,-0
11.65,58.25,0,-0,5,-0
11.66,58.3,0,-0,5,-0
11.67,58.35,0,-0,5,-0
11.68,58.4,0,-0,5,-0
11.69,58.45,0,-0,5,-0
11.7,58.5,0,-0,5,-0
11.71,58.55,0,-0,5,-0
11.72,58.6,0,-0,5,-0
11.73,58.65,0,-0,5,-0
11.74,58.7,0,-0,5,-0
11.75,58.75,0,-0,5,-0
11.76,58.8,0,-0,5,-0
11.77,58.85,0,-0,5,-0
11.78,58.9,0,-0,5,-0
11.79,58.95,0,-0,5,-0
11.8,59,0,-0,5,-0
11.81,59.05,0,-0,5,-0
11.82,59.1,0,-0,5,-0
11.83,59.15,0,-0,5,-0
11.84,59.2,0,-0,5,-0
11.85,59.25,0,-0,5,-0
11.86,59.3,0,-0,5,-0
11.87,59.35,0,-0,5,-0
11.88,59.4,0,-0,5,-0
11.89,59.45,0,-0,5,-0
11.9,59.5,0,-0,5,-0
11.91,59.55,0,-0,5,-0
11.92,59.6,0,-0,5,-0
11.93,59.65,0,-0,5,-0
11.94,59.7,0,-0,5,-0
11.95,59.75,0,-0,5,-0
11.96,59.8,0,-0,5,-0
11.97,59.85,0,-0,5,-0
11.98,59.9,0,-0,5,-0
11.99,59.95,0,-0,5,-0
12,60,0,-0,5,-0
12.01,60.05,0,-0,5,-0
12.02,60.1,0,-0,5,-0
12.03,60.15,0,-0,5,-0
12.04,60.2,0,-0,5,-0
12.05,60.25,0,-0,5,-0
12.06,60.3,0,-0,5,-0
12.07,60.35,0,-0,5,-0
12.08,60.4,0,-0,5,-0
12.09,60.45,0,-0,5,-0
12.1,60.5,0,-0,5,-0
12.11,60.55,0,-0,5,-0
12.12,60.6,0,-0,5,-0
12.13,60.65,0,-0,5,-0
12.14,60.7,0,-0,5,-0
12.15,60.75,0,-0,5,-0
12.16,60.8,0,-0,5,-0
12.17,60.85,0,-0,5,-0
12.18,60.9,0,-0,5,-0
12.19,60.95,0,-0,5,-0
12.2,61,0,-0,5,-0
12.21,61.05,0,-0,5,-0
12.22,61.1,0,-0,5,-0
12.23,61.15,0,-0,5,-0
12.24,61.2,0,-0,5,-0
12.25,61.25,0,-0,5,-0
12.26,61.3,0,-0,5,-0
12.27,61.35,0,-0,5,-0
12.28,61.4,0,-0,5,-0
12.29,61.45,0,-0,5,-0
12.3,61.5,0,-0,5,-0
12.31,61.55,0,-0,5,-0
12.32,61.6,0,-0,5,-0
12.33,61.65,0,-0,5,-0
12.34,61.7,0,-0,5,-0
12.35,61.75,0,-0,5,-0
12.36,61.8,0,-0,5,-0
12.37,61.85,0,-0,5,-0
12.38,61.9,0,-0,5,-0
12.39,61.95,0,-0,5,-0
12.4,62,0,-0,5,-0
12.41,62.05,0,-0,5,-0
12.42,62.1,0,-0,5,-0
12.43,62.15,0,-0,5,-0
12.44,62.2,0,-0,5,-0
12.45,62.25,0,-0,5,-0
12.46,62.3,0,-0,5,-0
12.47,62.35,0,-0,5,-0
12.48,62.4,0,-0,5,-0
12.49,62.45,0,-0,5,-0
12.5,62.5,0,-0,5,-0
12.51,62.55,0,-0,5,-0
12.52,62.6,0,-0,5,-0
12.53,62.65,0,-0,5,-0
12.54,62.7,0,-0,5,-0
12.55,62.75,0,-0,5,-0
12.56,62.8,0,-0,5,-0
12.57,62.85,0,-0,5,-0
12.58,62.9,0,-0,5,-0
12.59,62.95,0,-0,5,-0
12.6,63,0,-0,5,-0
12.61,63.05,0,-0,5,-0
12.62,63.1,0,-0,5,-0
12.63,63.15,0,-0,5,-0
12.64,63.2,0,-0,5,-0
12.65,63.25,0,-0,5,-0
12.66,63.3,0,-0,5,-0
12.67,63.35,0,-0,5,-0
12.68,63.4,0,-0,5,-0
12.69,63.45,0,-0,5,-0
12.7,63.5,0,-0,5,-0
12.71,63.55,0,-0,5,-0
12.72,63.6,0,-0,5,-0
12.73,63.65,0,-0,5,-0
12.74,63.7,0,-0,5,-0
12.75,63.75,0,-0,5,-0
12.76,63.8,0,-0,5,-0
12.77,63.85,0,-0,5,-0
12.78,63.9,0,-0,5,-0
12.79,63.95,0,-0,5,-0
12.8,64,0,-0,5,-0
12.81,64.05,0,-0,5,-0
12.82,64.1,0,-0,5,-0
12.83,64.15,0,-0,5,-0
12.84,64.2,0,-0,5,-0
12.85,64.25,0,-0,5,-0
12.86,64.3,0,-0,5,-0
12.87,64.35,0,-0,5,-0
12.88,64.4,0,-0,5,-0
12.89,64.45,0,-0,5,-0
12.9,64.5,0,-0,5,-0
12.91,64.55,0,-0,5,-0
12.92,64.6,0,-0,5,-0
12.93,64.65,0,-0,5,-0
12.94,64.7,0,-0,5,-0
12.95,64.75,0,-0,5,-0
12.96,64.8,0,-0,5,-0
12.97,64.85,0,-0,5,-0
12.98,64.9,0,-0,5,-0
12.99,64.95,0,-0,5,-0
13,65,0,-0,5,-0
13.01,65.05,0,-0,5,-0
13.02,65.1,0,-0,5,-0
13.03,65.15,0,-0,5,-0
13.04,65.2,0,-0,5,-0
13.05,65.25,0,-0,5,-0
13.06,65.3,0,-0,5,-0
13.07,65.35,0,-0,5,-0
13.08,65.4,0,-0,5,-0
13.09,65.45,0,-0,5,-0
13.1,65.5,0,-0,5,-0
13.11,65.55,0,-0,5,-0
13.12,65.6,0,-0,5,-0
13.13,65.65,0,-0,5,-0
13.14,65.7,0,-0,5,-0
13.15,65.75,0,-0,5,-0
13.16,65.8,0,-0,5,-0
13.17,65.85,0,-0,5,-0
13.18,65.9,0,-0,5,-0
13.19,65.95,0,-0,5,-0
13.2,66,0,-0,5,-0
13.21,66.05,0,-0,5,-0
13.22,66.1,0,-0,5,-0
13.23,66.15,0,-0,5,-0
13.24,66.2,0,-0,5,-0
13.25,66.25,0,-0,5,-0
13.26,66.3,0,-0,5,-0
13.27,66.35,0,-0,5,-0
13.28,66.4,0,-0,5,-0
13.29,66.45,0,-0,5,-0
13.3,66.5,0,-0,5,-0
13.31,66.55,0,-0,5,-0
13.32,66.6,0,-0,5,-0
13.33,66.65,0,-0,5,-0
13.34,66.7,0,-0,5,-0
13.35,66.75,0,-0,5,-0
13.36,66.8,0,-0,5,-0
13.37,66.85,0,-0,5,-0
13.38,66.9,0,-0,5,-0
13.39,66.95,0,-0,5,-0
13.4,67,0,-0,5,-0
13.41,67.05,0,-0,5,-0
13.42,67.1,0,-0,5,-0
13.43,67.15,0,-0,5,-0
13.44,67.2,0,-0,5,-0
13.45,67.25,0,-0,5,-0
13.46,67.3,0,-0,5,-0
13.47,67.35,0,-0,5,-0
13.48,67.4,0,-0,5,-0
13.49,67.45,0,-0,5,-0
13.5,67.5,0,-0,5,-0
13.51,67.55,0,-0,5,-0
13.52,67.6,0,-0,5,-0
13.53,67.65,0,-0,5,-0
13.54,67.7,0,-0,5,-0
13.55,67.75,0,-0,5,-0
13.56,67.8,0,-0,5,-0
13.57,67.85,0,-0,5,-0
13.58,67.9,0,-0,5,-0
13.59,67.95,0,-0,5,-0
13.6,68,0,-0,5,-0
13.61,68.05,0,-0,5,-0
13.62,68.1,0,-0,5,-0
13.63,68.15,0,-0,5,-0
13.64,68.2,0,-0,5,-0
13.65,68.25,0,-0,5,-0
13.66,68.3,0,-0,5,-0
13.67,68.35,0,-0,5,-0
13.68,68.4,0,-0,5,-0
13.69,68.45,0,-0,5,-0
13.7,68.5,0,-0,5,-0
13.71,68.55,0,-0,5,-0
13.72,68.6,0,-0,5,-0
13.73,68.65,0,-0,5,-0
13.74,68.7,0,-0,5,-0
13.75,68.75,0,-0,5,-0
13.76,68.8,0,-0,5,-0
13.77,68.85,0,-0,5,-0
13.78,68.9,0,-0,5,-0
13.79,68.95,0,-0,5,-0
13.8,69,0,-0,5,-0
13.81,69.05,0,-0,5,-0
13.82,69.1,0,-0,5,-0
13.83,69.15,0,-0,5,-0
13.84,69.2,0,-0,5,-0
13.85,69.25,0,-0,5,-0
13.86,69.3,0,-0,5,-0
13.87,69.35,0,-0,5,-0
13.88,69.4,0,-0,5,-0
13.89,69.45,0,-0,5,-0
13.9,69.5,0,-0,5,-0
13.91,69.55,0,-0,5,-0
13.92,69.6,0,-0,5,-0
13.93,69.65,0,-0,5,-0
13.94,69.7,0,-0,5,-0
13.95,69.75,0,-0,5,-0
13.96,69.8,0,-0,5,-0
13.97,69.85,0,-0,5,-0
13.98,69.9,0,-0,5,-0
13.99,69.95,0,-0,5,-0
14,70,0,-0,5,-0
14.01,70.05,0,-0,5,-0
14.02,70.1,0,-0,5,-0
14.03,70.15,0,-0,5,-0
14.04,70.2,0,-0,5,-0
14.05,70.25,0,-0,5,-0
14.06,70.3,0,-0,5,-0
14.07,70.35,0,-0,5,-0
14.08,70.4,0,-0,5,-0
14.09,70.45,0,-0,5,-0
14.1,70.5,0,-0,5,-0
14.11,70.55,0,-0,5,-0
14.12,70.6,0,-0,5,-0
14.13,70.65,0,-0,5,-0
14.14,70.7,0,-0,5,-0
14.15,70.75,0,-0,5,-0
14.16,70.8,0,-0,5,-0
14.17,70.85,0,-0,5,-0
14.18,70.9,0,-0,5,-0
14.19,70.95,0,-0,5,-0
14.2,71,0,-0,5,-0
14.21,71.05,0,-0,5,-0
14.22,71.1,0,-0,5,-0
14.23,71.15,0,-0,5,-0
14.24,71.2,0,-0,5,-0
14.25,71.25,0,-0,5,-0
14.26,71.3,0,-0,5,-0
14.27,71.35,0,-0,5,-0
14.28,71.4,0,-0,5,-0
14.29,71.45,0,-0,5,-0
14.3,71.5,0,-0,5,-0
14.31,71.55,0,-0,5,-0
14.32,71.6,0,-0,5,-0
14.33,71.65,0,-0,5,-0
14.34,71.7,0,-0,5,-0
14.35,71.75,0,-0,5,-0
14.36,71.8,0,-0,5,-0
14.37,71.85,0,-0,5,-0
14.38,71.9,0,-0,5,-0
14.39,71.95,0,-0,5,-0
14.4,72,0,-0,5,-0
14.41,72.05,0,-0,5,-0
14.42,72.1,0,-0,5,-0
14.43,72.15,0,-0,5,-0
14.44,72.2,0,-0,5,-0
14.45,72.25,0,-0,5,-0
14.46,72.3,0,-0,5,-0
14.47,72.35,0,-0,5,-0
14.48,72.4,0,-0,5,-0
14.49,72.45,0,-0,5,-0
14.5,72.5,0,-0,5,-0
14.51,72.55,0,-0,5,-0
14.52,72.6,0,-0,5,-0
14.53,72.65,0,-0,5,-0
14.54,72.7,0,-0,5,-0
14.55,72.75,0,-0,5,-0
14.56,72.8,0,-0,5,-0
14.57,72.85,0,-0,5,-0
14.58,72.9,0,-0,5,-0
14.59,72.95,0,-0,5,-0
14.6,73,0,-0,5,-0
14.61,73.05,0,-0,5,-0
14.62,73.1,0,-0,5,-0
14.63,73.15,0,-0,5,-0
14.64,73.2,0,-0,5,-0
14.65,73.25,0,-0,5,-0
14.66,73.3,0,-0,5,-0
14.67,73.35,0,-0,5,-0
14.68,73.4,0,-0,5,-0
14.69,73.45,0,-0,5,-0
14.7,73.5,0,-0,5,-0
14.71,73.55,0,-0,5,-0
14.72,73.6,0,-0,5,-0
14.73,73.65,0,-0,5,-0
14.74,73.7,0,-0,5,-0
14.75,73.75,0,-0,5,-0
14.76,73.8,0,-0,5,-0
14.77,73.85,0,-0,5,-0
14.78,73.9,0,-0,5,-0
14.79,73.95,0,-0,5,-0
14.8,74,0,-0,5,-0
14.81,74.05,0,-0,5,-0
14.82,74.1,0,-0,5,-0
14.83,74.15,0,-0,5,-0
14.84,74.2,0,-0,5,-0
14.85,74.25,0,-0,5,-0
14.86,74.3,0,-0,5,-0
14.87,74.35,0,-0,5,-0
14.88,74.4,0,-0,5,-0
14.89,74.45,0,-0,5,-0
14.9,74.5,0,-0,5,-0
14.91,74.55,0,-0,5,-0
14.92,74.6,0,-0,5,-0
14.93,74.65,0,-0,5,-0
14.94,74.7,0,-0,5,-0
14.95,74.75,0,-0,5,-0
14.96,74.8,0,-0,5,-0
14.97,74.85,0,-0,5,-0
14.98,74.9,0,-0,5,-0
14.99,74.95,0,-0,5,-0
15,75,0,-0,5,-0
15.01,75.05,0,-0,5,-0
15.02,75.1,0,-0,5,-0
15.03,75.15,0,-0,5,-0
15.04,75.2,0,-0,5,-0
15.05,75.25,0,-0,5,-0
15.06,75.3,0,-0,5,-0
15.07,75.35,0,-0,5,-0
15.08,75.4,0,-0,5,-0
15.09,75.45,0,-0,5,-0
15.1,75.5,0,-0,5,-0
15.11,75.55,0,-0,5,-0
15.12,75.6,0,-0,5,-0
15.13,75.65,0,-0,5,-0
15.14,75.7,0,-0,5,-0
15.15,75.75,0,-0,5,-0
15.16,75.8,0,-0,5,-0
15.17,75.85,0,-0,5,-0
15.18,75.9,0,-0,5,-0
15.19,75.95,0,-0,5,-0
15.2,76,0,-0,5,-0
15.21,76.05,0,-0,5,-0
15.22,76.1,0,-0,5,-0
15.23,76.15,0,-0,5,-0
15.24,76.2,0,-0,5,-0
15.25,76.25,0,-0,5,-0
15.26,76.3,0,-0,5,-0
15.27,76.35,0,-0,5,-0
15.28,76.4,0,-0,5,-0
15.29,76.45,0,-0,5,-0
15.3,76.5,0,-0,5,-0
15.31,76.55,0,-0,5,-0
15.32,76.6,0,-0,5,-0
15.33,76.65,0,-0,5,-0
15.34,76.7,0,-0,5,-0
15.35,76.75,0,-0,5,-0
15.36,76.8,0,-0,5,-0
15.37,76.85,0,-0,5,-0
15.38,76.9,0,-0,5,-0
15.39,76.95,0,-0,5,-0
15.4,77,0,-0,5,-0
15.41,77.05,0,-0,5,-0
15.42,77.1,0,-0,5,-0
15.43,77.15,0,-0,5,-0
15.44,77.2,0,-0,5,-0
15.45,77.25,0,-0,5,-0
15.46,77.3,0,-0,5,-0
15.47,77.35,0,-0,5,-0
15.48,77.4,0,-0,5,-0
15.49,77.45,0,-0,5,-0
15.5,77.5,0,-0,5,-0
15.51,77.55,0,-0,5,-0
15.52,77.6,0,-0,5,-0
15.53,77.65,0,-0,5,-0
15.54,77.7,0,-0,5,-0
15.55,77.75,0,-0,5,-0
15.56,77.8,0,-0,5,-0
15.57,77.85,0,-0,5,-0
15.58,77.9,0,-0,5,-0
15.59,77.95,0,-0,5,-0
15.6,78,0,-0,5,-0
15.61,78.05,0,-0,5,-0
15.62,78.1,0,-0,5,-0
15.63,78.15,0,-0,5,-0
15.64,78.2,0,-0,5,-0
15.65,78.25,0,-0,5,-0
15.66,78.3,0,-0,5,-0
15.67,78.35,0,-0,5,-0
15.68,78.4,0,-0,5,-0
15.69,78.45,0,-0,5,-0
15.7,78.5,0,-0,5,-0
15.71,78.55,0,-0,5,-0
15.72,78.6,0,-0,5,-0
15.73,78.65,0,-0,5,-0
15.74,78.7,0,-0,5,-0
15.75,78.75,0,-0,5,-0
15.76,78.8,0,-0,5,-0
15.77,78.85,0,-0,5,-0
15.78,78.9,0,-0,5,-0
15.79,78.95,0,-0,5,-0
15.8,79,0,-0,5,-0
15.81,79.05,0,-0,5,-0
15.82,79.1,0,-0,5,-0
15.83,79.15,0,-0,5,-0
15.84,79.2,0,-0,5,-0
15.85,79.25,0,-0,5,-0
15.86,79.3,0,-0,5,-0
15.87,79.35,0,-0,5,-0
15.88,79.4,0,-0,5,-0
15.89,79.45,0,-0,5,-0
15.9,79.5,0,-0,5,-0
15.91,79.55,0,-0,5,-0
15.92,79.6,0,-0,5,-0
15.93,79.65,0,-0,5,-0
15.94,79.7,0,-0,5,-0
15.95,79.75,0,-0,5,-0
15.96,79.8,0,-0,5,-0
15.97,79.85,0,-0,5,-0
15.98,79.9,0,-0,5,-0
15.99,79.95,0,-0,5,-0
16,80,0,-0,5,-0
16.01,80.05,0,-0,5,-0
16.02,80.1,0,-0,5,-0
16.03,80.15,0,-0,5,-0
16.04,80.2,0,-0,5,-0
16.05,80.25,0,-0,5,-0
16.06,80.3,0,-0,5,-0
16.07,80.35,0,-0,5,-0
16.08,80.4,0,-0,5,-0
16.09,80.45,0,-0,5,-0
16.1,80.5,0,-0,5,-0
16.11,80.55,0,-0,5,-0
16.12,80.6,0,-0,5,-0
16.13,80.65,0,-0,5,-0
16.14,80.7,0,-0,5,-0
16.15,80.75,0,-0,5,-0
16.16,80.8,0,-0,5,-0
16.17,80.85,0,-0,5,-0
16.18,80.9,0,-0,5,-0
16.19,80.95,0,-0,5,-0
16.2,81,0,-0,5,-0
16.21,81.05,0,-0,5,-0
16.22,81.1,0,-0,5,-0
16.23,81.15,0,-0,5,-0
16.24,81.2,0,-0,5,-0
16.25,81.25,0,-0,5,-0
16.26,81.3,0,-0,5,-0
16.27,81.35,0,-0,5,-0
16.28,81.4,0,-0,5,-0
16.29,81.45,0,-0,5,-0
16.3,81.5,0,-0,5,-0
16.31,81.55,0,-0,5,-0
16.32,81.6,0,-0,5,-0
16.33,81.65,0,-0,5,-0
16.34,81.7,0,-0,5,-0
16.35,81.75,0,-0,5,-0
16.36,81.8,0,-0,5,-0
16.37,81.85,0,-0,5,-0
16.38,81.9,0,-0,5,-0
16.39,81.95,0,-0,5,-0
16.4,82,0,-0,5,-0
16.41,82.05,0,-0,5,-0
16.42,82.1,0,-0,5,-0
16.43,82.15,0,-0,5,-0
16.44,82.2,0,-0,5,-0
16.45,82.25,0,-0,5,-0
16.46,82.3,0,-0,5,-0
16.47,82.35,0,-0,5,-0
16.48,82.4,0,-0,5,-0
16.49,82.45,0,-0,5,-0
16.5,82.5,0,-0,5,-0
16.51,82.55,0,-0,5,-0
16.52,82.6,0,-0,5,-0
16.53,82.65,0,-0,5,-0
16.54,82.7,0,-0,5,-0
16.55,82.75,0,-0,5,-0
16.56,82.8,0,-0,5,-0
16.57,82.85,0,-0,5,-0
16.58,82.9,0,-0,5,-0
16.59,82.95,0,-0,5,-0
16.6,83,0,-0,5,-0
16.61,83.05,0,-0,5,-0
16.62,83.1,0,-0,5,-0
16.63,83.15,0,-0,5,-0
16.64,83.2,0,-0,5,-0
16.65,83.25,0,-0,5,-0
16.66,83.3,0,-0,5,-0
16.67,83.35,0,-0,5,-0
16.68,83.4,0,-0,5,-0
16.69,83.45,0,-0,5,-0
16.7,83.5,0,-0,5,-0
16.71,83.55,0,-0,5,-0
16.72,83.6,0,-0,5,-0
16.73,83.65,0,-0,5,-0
16.74,83.7,0,-0,5,-0
16.75,83.75,0,-0,5,-0
16.76,83.8,0,-0,5,-0
16.77,83.85,0,-0,5,-0
16.78,83.9,0,-0,5,-0
16.79,83.95,0,-0,5,-0
16.8,84,0,-0,5,-0
16.81,84.05,0,-0,5,-0
16.82,84.1,0,-0,5,-0
16.83,84.15,0,-0,5,-0
16.84,84.2,0,-0,5,-0
16.85,84.25,0,-0,5,-0
16.86,84.3,0,-0,5,-0
16.87,84.35,0,-0,5,-0
16.88,84.4,0,-0,5,-0
16.89,84.45,0,-0,5,-0
16.9,84.5,0,-0,5,-0
16.91,84.55,0,-0,5,-0
16.92,84.6,0,-0,5,-0
16.93,84.65,0,-0,5,-0
16.94,84.7,0,-0,5,-0
16.95,84.75,0,-0,5,-0
16.96,84.8,0,-0,5,-0
16.97,84.85,0,-0,5,-0
16.98,84.9,0,-0,5,-0
16.99,84.95,0,-0,5,-0
17,85,0,-0,5,-0
17.01,85.05,0,-0,5,-0
17.02,85.1,0,-0,5,-0
17.03,85.15,0,-0,5,-0
17.04,85.2,0,-0,5,-0
17.05,85.25,0,-0,5,-0
17.06,85.3,0,-0,5,-0
17.07,85.35,0,-0,5,-0
17.08,85.4,0,-0,5,-0
17.09,85.45,0,-0,5,-0
17.1,85.5,0,-0,5,-0
17.11,85.55,0,-0,5,-0
17.12,85.6,0,-0,5,-0
17.13,85.65,0,-0,5,-0
17.14,85.7,0,-0,5,-0
17.15,85.75,0,-0,5,-0
17.16,85.8,0,-0,5,-0
17.17,85.85,0,-0,5,-0
17.18,85.9,0,-0,5,-0
17.19,85.95,0,-0,5,-0
17.2,86,0,-0,5,-0
17.21,86.05,0,-0,5,-0
17.22,86.1,0,-0,5,-0
17.23,86.15,0,-0,5,-0
17.24,86.2,0,-0,5,-0
17.25,86.25,0,-0,5,-0
17.26,86.3,0,-0,5,-0
17.27,86.35,0,-0,5,-0
17.28,86.4,0,-0,5,-0
17.29,86.45,0,-0,5,-0
17.3,86.5,0,-0,5,-0
17.31,86.55,0,-0,5,-0
17.32,86.6,0,-0,5,-0
17.33,86.65,0,-0,5,-0
17.34,86.7,0,-0,5,-0
17.35,86.75,0,-0,5,-0
17.36,86.8,0,-0,5,-0
17.37,86.85,0,-0,5,-0
17.38,86.9,0,-0,5,-0
17.39,86.95,0,-0,5,-0
17.4,87,0,-0,5,-0
17.41,87.05,0,-0,5,-0
17.42,87.1,0,-0,5,-0
17.43,87.15,0,-0,5,-0
17.44,87.2,0,-0,5,-0
17.45,87.25,0,-0,5,-0
17.46,87.3,0,-0,5,-0
17.47,87.35,0,-0,5,-0
17.48,87.4,0,-0,5,-0
17.49,87.45,0,-0,5,-0
17.5,87.5,0,-0,5,-0
17.51,87.55,0,-0,5,-0
17.52,87.6,0,-0,5,-0
17.53,87.65,0,-0,5,-0
17.54,87.7,0,-0,5,-0
17.55,87.75,0,-0,5,-0
17.56,87.8,0,-0,5,-0
17.57,87.85,0,-0,5,-0
17.58,87.9,0,-0,5,-0
17.59,87.95,0,-0,5,-0
17.6,88,0,-0,5,-0
17.61,88.05,0,-0,5,-0
17.62,88.1,0,-0,5,-0
17.63,88.15,0,-0,5,-0
17.64,88.2,0,-0,5,-0
17.65,88.25,0,-0,5,-0
17.66,88.3,0,-0,5,-0
17.67,88.35,0,-0,5,-0
17.68,88.4,0,-0,5,-0
17.69,88.45,0,-0,5,-0
17.7,88.5,0,-0,5,-0
17.71,88.55,0,-0,5,-0
17.72,88.6,0,-0,5,-0
17.73,88.65,0,-0,5,-0
17.74,88.7,0,-0,5,-0
17.75,88.75,0,-0,5,-0
17.76,88.8,0,-0,5,-0
17.77,88.85,0,-0,5,-0
17.78,88.9,0,-0,5,-0
17.79,88.95,0,-0,5,-0
17.8,89,0,-0,5,-0
17.81,89.05,0,-0,5,-0
17.82,89.1,0,-0,5,-0
17.83,89.15,0,-0,5,-0
17.84,89.2,0,-0,5,-0
17.85,89.25,0,-0,5,-0
17.86,89.3,0,-0,5,-0
17.87,89.35,0,-0,5,-0
17.88,89.4,0,-0,5,-0
17.89,89.45,0,-0,5,-0
17.9,89.5,0,-0,5,-0
17.91,89.55,0,-0,5,-0
17.92,89.6,0,-0,5,-0
17.93,89.65,0,-0,5,-0
17.94,89.7,0,-0,5,-0
17.95,89.75,0,-0,5,-0
17.96,89.8,0,-0,5,-0
17.97,89.85,0,-0,5,-0
17.98,89.9,0,-0,5,-0
17.99,89.95,0,-0,5,-0
18,90,0,-0,5,-0
18.01,90.05,0,-0,5,-0
18.02,90.1,0,-0,5,-0
18.03,90.15,0,-0,5,-0
18.04,90.2,0,-0,5,-0
18.05,90.25,0,-0,5,-0
18.06,90.3,0,-0,5,-0
18.07,90.35,0,-0,5,-0
18.08,90.4,0,-0,5,-0
18.09,90.45,0,-0,5,-0
18.1,90.5,0,-0,5,-0
18.11,90.55,0,-0,5,-0
18.12,90.6,0,-0,5,-0
18.13,90.65,0,-0,5,-0
18.14,90.7,0,-0,5,-0
18.15,90.75,0,-0,5,-0
18.16,90.8,0,-0,5,-0
18.17,90.85,0,-0,5,-0
18.18,90.9,0,-0,5,-0
18.19,90.95,0,-0,5,-0
18.2,91,0,-0,5,-0
18.21,91.05,0,-0,5,-0
18.22,91.1,0,-0,5,-0
18.23,91.15,0,-0,5,-0
18.24,91.2,0,-0,5,-0
18.25,91.25,0,-0,5,-0
18.26,91.3,0,-0,5,-0
18.27,91.35,0,-0,5,-0
18.28,91.4,0,-0,5,-0
18.29,91.45,0,-0,5,-0
18.3,91.5,0,-0,5,-0
18.31,91.55,0,-0,5,-0
18.32,91.6,0,-0,5,-0
18.33,91.65,0,-0,5,-0
18.34,91.7,0,-0,5,-0
18.35,91.75,0,-0,5,-0
18.36,91.8,0,-0,5,-0
18.37,91.85,0,-0,5,-0
18.38,91.9,0,-0,5,-0
18.39,91.95,0,-0,5,-0
18.4,92,0,-0,5,-0
18.41,92.05,0,-0,5,-0
18.42,92.1,0,-0,5,-0
18.43,92.15,0,-0,5,-0
18.44,92.2,0,-0,5,-0
18.45,92.25,0,-0,5,-0
18.46,92.3,0,-0,5,-0
18.47,92.35,0,-0,5,-0
18.48,92.4,0,-0,5,-0
18.49,92.45,0,-0,5,-0
18.5,92.5,0,-0,5,-0
18.51,92.55,0,-0,5,-0
18.52,92.6,0,-0,5,-0
18.53,92.65,0,-0,5,-0
18.54,92.7,0,-0,5,-0
18.55,92.75,0,-0,5,-0
18.56,92.8,0,-0,5,-0
18.57,92.85,0,-0,5,-0
18.58,92.9,0,-0,5,-0
18.59,92.95,0,-0,5,-0
18.6,93,0,-0,5,-0
18.61,93.05,0,-0,5,-0
18.62,93.1,0,-0,5,-0
18.63,93.15,0,-0,5,-0
18.64,93.2,0,-0,5,-0
18.65,93.25,0,-0,5,-0
18.66,93.3,0,-0,5,-0
18.67,93.35,0,-0,5,-0
18.68,93.4,0,-0,5,-0
18.69,93.45,0,-0,5,-0
18.7,93.5,0,-0,5,-0
18.71,93.55,0,-0,5,-0
18.72,93.6,0,-0,5,-0
18.73,93.65,0,-0,5,-0
18.74,93.7,0,-0,5,-0
18.75,93.75,0,-0,5,-0
18.76,93.8,0,-0,5,-0
18.77,93.85,0,-0,5,-0
18.78,93.9,0,-0,5,-0
18.79,93.95,0,-0,5,-0
18.8,94,0,-0,5,-0
18.81,94.05,0,-0,5,-0
18.82,94.1,0,-0,5,-0
18.83,94.15,0,-0,5,-0
18.84,94.2,0,-0,5,-0
18.85,94.25,0,-0,5,-0
18.86,94.3,0,-0,5,-0
18.87,94.35,0,-0,5,-0
18.88,94.4,0,-0,5,-0
18.89,94.45,0,-0,5,-0
18.9,94.5,0,-0,5,-0
18.91,94.55,0,-0,5,-0
18.92,94.6,0,-0,5,-0
18.93,94.65,0,-0,5,-0
18.94,94.7,0,-0,5,-0
18.95,94.75,0,-0,5,-0
18.96,94.8,0,-0,5,-0
18.97,94.85,0,-0,5,-0
18.98,94.9,0,-0,5,-0
18.99,94.95,0,-0,5,-0
19,95,0,-0,5,-0
19.01,95.05,0,-0,5,-0
19.02,95.1,0,-0,5,-0
19.03,95.15,0,-0,5,-0
19.04,95.2,0,-0,5,-0
19.05,95.25,0,-0,5,-0
19.06,95.3,0,-0,5,-0
19.07,95.35,0,-0,5,-0
19.08,95.4,0,-0,5,-0
19.09,95.45,0,-0,5,-0
19.1,95.5,0,-0,5,-0
19.11,95.55,0,-0,5,-0
19.12,95.6,0,-0,5,-0
19.13,95.65,0,-0,5,-0
19.14,95.7,0,-0,5,-0
19.15,95.75,0,-0,5,-0
19.16,95.8,0,-0,5,-0
19.17,95.85,0,-0,5,-0
19.18,95.9,0,-0,5,-0
19.19,95.95,0,-0,5,-0
19.2,96,0,-0,5,-0
19.21,96.05,0,-0,5,-0
19.22,96.1,0,-0,5,-0
19.23,96.15,0,-0,5,-0
19.24,96.2,0,-0,5,-0
19.25,96.25,0,-0,5,-0
19.26,96.3,0,-0,5,-0
19.27,96.35,0,-0,5,-0
19.28,96.4,0,-0,5,-0
19.29,96.45,0,-0,5,-0
19.3,96.5,0,-0,5,-0
19.31,96.55,0,-0,5,-0
19.32,96.6,0,-0,5,-0
19.33,96.65,0,-0,5,-0
19.34,96.7,0,-0,5,-0
19.35,96.75,0,-0,5,-0
19.36,96.8,0,-0,5,-0
19.37,96.85,0,-0,5,-0
19.38,96.9,0,-0,5,-0
19.39,96.95,0,-0,5,-0
19.4,97,0,-0,5,-0
19.41,97.05,0,-0,5,-0
19.42,97.1,0,-0,5,-0
19.43,97.15,0,-0,5,-0
19.44,97.2,0,-0,5,-0
19.45,97.25,0,-0,5,-0
19.46,97.3,0,-0,5,-0
19.47,97.35,0,-0,5,-0
19.48,97.4,0,-0,5,-0
19.49,97.45,0,-0,5,-0
19.5,97.5,0,-0,5,-0
19.51,97.55,0,-0,5,-0
19.52,97.6,0,-0,5,-0
19.53,97.65,0,-0,5,-0
19.54,97.7,0,-0,5,-0
19.55,97.75,0,-0,5,-0
19.56,97.8,0,-0,5,-0
19.57,97.85,0,-0,5,-0
19.58,97.9,0,-0,5,-0
19.59,97.95,0,-0,5,-0
19.6,98,0,-0,5,-0
19.61,98.05,0,-0,5,-0
19.62,98.1,0,-0,5,-0
19.63,98.15,0,-0,5,-0
19.64,98.2,0,-0,5,-0
19.65,98.25,0,-0,5,-0
19.66,98.3,0,-0,5,-0
19.67,98.35,0,-0,5,-0
19.68,98.4,0,-0,5,-0
19.69,98.45,0,-0,5,-0
19.7,98.5,0,-0,5,-0
19.71,98.55,0,-0,5,-0
19.72,98.6,0,-0,5,-0
19.73,98.65,0,-0,5,-0
19.74,98.7,0,-0,5,-0
19.75,98.75,0,-0,5,-0
19.76,98.8,0,-0,5,-0
19.77,98.85,0,-0,5,-0
19.78,98.9,0,-0,5,-0
19.79,98.95,0,-0,5,-0
19.8,99,0,-0,5,-0
19.81,99.05,0,-0,5,-0
19.82,99.1,0,-0,5,-0
19.83,99.15,0,-0,5,-0
19.84,99.2,0,-0,5,-0
19.85,99.25,0,-0,5,-0
19.86,99.3,0,-0,5,-0
19.87,99.35,0,-0,5,-0
19.88,99.4,0,-0,5,-0
19.89,99.45,0,-0,5,-0
19.9,99.5,0,-0,5,-0
19.91,99.55,0,-0,5,-0
19.92,99.6,0,-0,5,-0
19.93,99.65,0,-0,5,-0
19.94,99.7,0,-0,5,-0
19.95,99.75,0,-0,5,-0
19.96,99.8,0,-0,5,-0
19.97,99.85,0,-0,5,-0
19.98,99.9,0,-0,5,-0
19.99,99.95,0,-0,5,-0
